use xx
INSERT INTO Staff
	VALUES ('ST001','Yensi','FEMALE','03-11-1999','Perum.Duri Kosambi Baru,Blok D No.12,Jakarta','yensiliem@gmail.com','087809373308','4000000'),
	('ST002','Michael','MALE','13-05-1998','Sunter Jaya,No.11,Jakarta','michaell@gmail.com','08120495873401','3500000'),
	('ST003','Jonathan','MALE','04-09-1999','Boulevard Barat,No.22a,Jakarta','Jonathan22@gmail.com','087809658345','4000000'),
	('ST004','Jovina Lawrence','FEMALE','04-11-1997','Danau Sunter Barat,No.10,Jakarta','Lawrencia11@gmail.com','081236590766','3500000'),
	('ST005','Nicholle','MALE','07-11-1999','Muara Bahari,No.24,Jakarta','nichollee@gmail.com','082199837422','4000000'),
	('ST006','Kevin','MALE','08-08-1998','Green Apartment,Jakarta','kevin@gmail.com','081298736496','3500000'),
	('ST007','Dinda','FEMALE','10-11-1998','Kebayoran Baru, Jakarta','dinda@gmail.com','087800635418','4000000'),
	('ST008','Lydia Putri','FEMALE','09-08-2000','Kemanggisan,Jakarta','lydia@gmail.com','081200938471','3000000'),
	('ST009','Nicholas','MALE','10-10-1999','Ancol Selatan 2,Jakarta','nicholas@gmail.com','082199073648','3500000'),
	('ST010','Sri Ratna','FEMALE','12-1-1997','Kelapa Gading,Jakarta','sriratna@gmail.com','0821945634532','4000000'),
	('ST011','Dewi Ayu','FEMALE','02-02-1998','Palmerah Barat 2,Jakarta','dewiayu12@gmail.com','081209837524','3000000'),
	('ST012','Ratna Sari','FEMALE','10-2-1997','Kebayoran Baru,Jakarta','ratna11@gmail.com','087898654312','4000000'),
	('ST013','Putri Rahma','FEMALE','12-12-2000','Mangga Besar,Jakarta','rahma01@gmail.com','087812987453','3500000'),
	('ST014','Dian','MALE','02-01-1998','Kebon Jeruk,Jakarta','diann@gmail.com','085612908643','3500000'),
	('ST015','Yusuf','MALE','10-10-1997','Pademangan Barat,Jakarta','yusuf@gmail.com','081290956398','4000000'),
	('ST016','Dwi Widya','FEMALE','07-10-2000','Sunter Agung,Jakarta','dwi@gmail.com','0812938473','3000000'),
	('ST017','Sylvia','FEMALE','12-05-1999','Sunter Karya,Jakarta','sylvia98@gmail.com','0856128765432','3500000'),
	('ST018','Stefani','FEMALE','13-09-1997','Kosambi,Jakarta','stf@gmail.com','083809863411','4000000'),
	('ST019','Richard Saputra','FEMALE','14-01-2000','Jelambar,Jakarta','richd@gmail.com','08349826482453','3000000'),
	('ST020','Nando','FEMALE','11-12-1997','Mangga Besar,Jakarta','nando91@gmail.com','082109846583','3500000'),
	('ST021','Chelsy Lim','MALE','09-17-1998','Senayan,Jakarta','chslim@gmail.com','08211287645','4000000'),
	('ST022','Indri Kustanti','FEMALE','10-03-2000','Daan Mogot,Jakarta','indrikst@gmail.com','082174856098','3500000'),
	('ST023','Marco','MALE','03-04-1998','Pluit,Jakarta','marcoo9@gmail.com','083809218733','4000000'),
	('ST024','Nadin','FEMALE','08-12-1999','Pluit,Jakarta','ndin@gmail.com','087809123165','3500000'),
	('ST025','Dara Igna','MALE','09-06-1998','Sumur Batu,Jakarta','dara@gmail.com','082198746512','4000000');

INSERT INTO Item
	VALUES ('IT001','Happy Potato Chips','500.000','650.000','50 Box','Solid Item',''),
	('IT002','Sunco Vegetable Oil','300.000','450.000','30 Box','Liquid Item',''),
	('IT003','Ultra Milk Chocolate','400.000','550.000','50 Box','Liquid Item',''),
	('IT004','Sunsilk Shampoo','550.000','750.000','20 Box','Liquid Item',''),
	('IT005','Happy Orange Juice','400.000','550.000','40 Box','Liquid Item',''),
	('IT006','Dettol Soap','300.000','450.000','20 Box','Liquid Item',''),
	('IT007','Indomie Mie Goreng','1.000.000','1.200.000','15 Box','Solid Item',''),
	('IT008','Aqua','1.500.000','1.650.000','30 Box','Liquid Item',''),
	('IT009','Zwitsal Baby Shampoo','1.700.000','1.900.000','40','Liquid Item',''),
	('IT010','ABC Saus Sambal','700.000','900.000','20 Box','Liquid Item',''),
	('IT011','Gift Soap','1.000.000','1.300.000','30 Box','Liquid Item',''),
	('IT012','Chicken Nugget','1.500.000','1.700.000','30 Box','Solid Item',''),
	('IT013','Nivea Handbody','1.300.000','1.500.000','25 Box','Liquid Item',''),
	('IT014','Green Yogurt','2.000.000','2.300.000','40 Box','Liquid Item',''),
	('IT015','Lux Soap','800.000','950.000','30 Box','Liquid Item','');

INSERT INTO Factory
	VALUES('FC001','PT.Suka Jaya','Bogor,Kenanga Street','Daniel','4.0','03-04-2001'),
	('FC002','PT.Indo Makmur','Jakarta,Melati Street','Ivana Annisa','4.2','10-05-1999'),
	('FC003','PT.Ekadharma','Tangerang,Balikpapan Street','Daffa','4.0','12-08-2001'),
	('FC004','PT.Suntraco','Tangerang,Juanda Street','Silvia','4.5','13-02-1998'),
	('FC005','PT.Citra Mandiri','Jakarta, Angkasa Street','Nathaniel','4.0','12-01-2001'),
	('FC006','PT.ShengHongko','Grogol Street','Mike','3.0','13-12-2000'),
	('FC007','PT.Makmur Jaya','Sunter Street','Budi','4.0','1-5-1999'),
	('FC008','PT.Sentosa Jaya','Imam Bonjol Street','Ivan','4.5','29-2-1998'),
	('FC009','PT.Orang Tua Group ','Semanggi Street','Chika','3.0','17-4-1998'),
	('FC010','PT.Jaya Maju Terus','Margonda Street','Marcel','5.0','15-9-1997');

INSERT INTO SupplyTransactionDetails
	VALUES('SU001','ST003','IT001','FC001','Monday,01-09-2018','20 Box'),
	('SU002','ST001','IT002','FC002','Thursday,04-09-2019','10 Box'),
	('SU003','ST002','IT003','FC004','Monday,13-09-2018','20 Box'),
	('SU004','ST003','IT004','FC005','Wednesday,15-09-2019','10 Box'),
	('SU005','ST005','IT007','FC001','Friday,17-09-2018','5 Box'),
	('SU006','ST004','IT001','FC002','Monday,20-09-2019','5 Box'),
	('SU007','ST006','IT005','FC002','Tuesday,21-09-2019','40 Box'),
	('SU008','ST007','IT006','FC005','Wednesday,22-09-2019','5 Box'),
	('SU009','ST008','IT008','FC002','Thursday,23-09-2019','10 Box'),
	('SU010','ST010','IT009','FC003','Friday,23-09-2019','5 Box'),
	('SU011','ST003','IT010','FC001','Monday,26-09-2019','20 Box'),
	('SU012','ST005','IT011','FC003','Tuesday,27-09-2019','5 Box'),
	('SU013','ST009','IT001','FC001','Wednesday,28-09-2019','10 Box'),
	('SU014','ST009','IT007','FC001','Thursday,29-09-2019','5 Box'),
	('SU015','ST006','IT012','FC004','Friday,30-09-2019','30 Box'),
	('SU016','ST008','IT013','FC003','Monday,02-10-2019','25 Box'),
	('SU017','ST006','IT005','FC002','Tuesday,03-10-2019','20 Box'),
	('SU018','ST002','IT014','FC004','Wednesday,04-10-2019','20 Box'),
	('SU019','ST003','IT004','FC005','Thursday,05-10-2019','10 Box'),
	('SU020','ST007','IT015','FC003','Friday,06-10-2019','10 Box'),
	('SU021','ST005','IT007','FC001','Monday,09-10-2019','5 Box'),
	('SU022','ST007','IT006','FC005','Tuesday,10-10-2019','10 Box'),
	('SU023','ST005','IT011','FC003','Wednesday,11-10-2019','5 Box'),
	('SU024','ST001','IT009','FC003','Thursday,12-10-2019','5 Box'),
	('SU025','ST010','IT001','FC001','Friday,13-10-2019','25 Box'),
	('SU026','ST002','IT014','FC004','Tuesday,17-10-2019','20 Box'),
	('SU027','ST002','IT002','FC002','Wednesday,18-10-2019','20 Box'),
	('SU028','ST003','IT004','FC005','Thursday,19-10-2019','30 Box'),
	('SU029','ST007','IT006','FC005','Friday,20-10-2019','5 Box'),
	('SU030','ST007','IT015','FC003','Monday,23-10-2019','20 Box');

INSERT INTO DistributorTransaction
	VALUES('DI001','Nando','PIK Apartment Jakarta','Kencana Company','Jakarta','nando@gmail.com','082198763513'),
	('DI002','Michelle','Kosambi Baru,Jakarta','Nusa Raya Company','Jakarta','michelle@gmail.com','081276991876'),
	('DI003','Melisa','Palmerah,Jakarta','Metropolitan Company','Jakarta','melisa11@gmail.com','087872628312'),
	('DI004','Lius','Bentengan,Bekasi','Prosperindo Company','Bekasi','lius22@gmail.com','082109836444'),
	('DI005','Tiffany','Sunter Jaya,Jakarta','Kencana Company','Jakarta','tfannisa@gmail.com','081298736411'),
	('DI006','Putri','Daan Mogot,Jakarta','Indofood Company','Jakarta','wulan@gmail.com','087809827364'),
	('DI007','Ratna','Veteran II,Bekasi','Metropolis Company','Bekasi','ratna@gmail,com','08779873632'),
	('DI008','Amalia','Bougenville, Tangerang','KMI Company','Tangerang','amalia@gmail.com','08119474623'),
	('DI009','Rizky','Kemanggisan,Jakarta','Nusa Raya Company','Jakarta','adtya@gmail.com','08218746122'),
	('DI010','Yani','Bekasi City,Bekasi','Prosperindo Company','Bekasi','yani@gmail.com','087762833314'),
	('DI011','Dita','Cempaka Putih,Jakarta','Kencana Company','Jakarta','dazizah@gmail.com','082184756266'),
	('DI012','Eko','Tangerang City,Tangerang','KMI Company','Tangerang','eko@gmail.com','082174936182'),
	('DI013','Shafa','Tangerang Barat,Tangerang','KMI Company','Tangerang','shafa@gmail.com','08563131444'),
	('DI014','Stefani Lim','Senayan,Jakarta','Nusa Raya Company','Jakarta','stlim@gmail.com','08219484322'),
	('DI015','Dino','Bekasi Barat,Bekasi','Prosperindo Company','Bekasi','dino@gmail.com','08782725123'),
	('DI016','Linda','Tangerang Barat,Tangerang','KMI Company','Tangerang','linda@gmail.com','082109874512'),
	('DI017','Kelvin Lius','Bekasi Timur,Bekasi','Prosperindo Company','Bekasi','klius@gmail.com','089812758722'),
	('DI018','Dianda','Palmerah,Jakarta','Metropolitan Company','Jakarta','dianda@gmail.com','085609128745'),
	('DI019','Linda','Kosambi,Jakarta','Kencana Company','Jakarta','linda@gmail.com','0812987342'),
	('DI020','Nanda','Cempaka Mas,Jakarta','Indofood Company','Jakarta','nanda@gmail.com','082187512756');

INSERT INTO DistributeTransactionDetails
	VALUES('DT001','ST001','DI001','IT002','Malang','Tuesday,17-09-2018','3 Box'),
	('DT002','ST002','DI002','IT008','Semarang','Tuesday,1-10-2019','5 Box'),
	('DT003','ST003','DI003','IT005','Surabaya','Wednesday,30-09-2018','15 Box'),
	('DT004','ST004','DI004','IT007','Yogyakarta','Tuesday,20-09-2019','5 Box'),
	('DT005','ST005','DI005','IT003','Sulawesi Tenggara','Friday,10-10-2018','4 Box'),
	('DT006','ST006','DI006','IT001','Bali','Tuesday,19-10-2019','2 Box'),
	('DT007','ST007','DI007','IT012','Papua','Wednesday,15-10-2019','3 Box'),
	('DT008','ST008','DI008','IT015','Medan','Friday,12-10-2019','2 Box'),
	('DT009','ST009','DI009','IT006','Pontianak','Monday,17-10-2019','5 Box'),
	('DT010','ST010','DI010','IT008','Palu','Tuesday,09-11-2019','4 Box'),
	('DT011','ST011','DI011','IT010','Ambon','Thursday,26-11-2019','1 Box'),
	('DT012','ST012','DI012','IT011','Semarang','Saturday,12-10-2019','2 Box'),
	('DT013','ST013','DI013','IT014','Medan','Monday,4-11-2019','4 Box'),
	('DT014','ST014','DI014','IT012','Surabaya','Tuesday,12-10-2019','7 Box'),
	('DT015','ST015','DI015','IT010','NTT','Tuesday,17-12-2019','7 Box'),
	('DT016','ST016','DI016','IT015','Malang','Friday,19-12-2019','5 Box'),
	('DT017','ST017','DI017','IT005','NTB','Friday ,21-10-2019','9 Box'),
	('DT018','ST018','DI018','IT004','Aceh','Monday,26-09-2019','6 Box'),
	('DT019','ST019','DI019','IT011','Malang','Tuesday,29-10-Z2019','8 Box'),
	('DT020','ST020','DI020','IT015','Bali','Wednesday,17-10-2019','3 Box'),
	('DT021','ST021','DI019','IT002','Malang','Monday,18-10-2019','2 Box'),
	('DT022','ST022','DI002','IT007','Cirebon','Tuesday,11-10-2019','8 Box'),
	('DT023','ST023','DI009','IT005','Aceh','Tuesday,12-10-2019','1 Box'),
	('DT024','ST024','DI001','IT008','Sulawesi','Monday,3-10-2019','4 Box'),
	('DT025','ST025','DI003','IT009','Medan','Friday,23-10-2019','3 Box');

Insert into Category
	Values('CT001','Food','IT001'),
	('CT002','HouseHold Needs','IT002'),
	('CT003','Beverage','IT003');
